"Semien, M",543760,https://baseballsavant.mlb.com/player?player_id=543760&pos=SS&player_type=batter&season=2017&tab=zone_chart_tab#,SS
"Schoop, J",570731,https://baseballsavant.mlb.com/player?player_id=570731&pos=2B&player_type=batter&season=2017&tab=zone_chart_tab#,2B
"Gallo, J",608336,https://baseballsavant.mlb.com/player?player_id=608336&pos=3B&player_type=batter&season=2017&tab=zone_chart_tab#,3B
"Jones, A",430945,https://baseballsavant.mlb.com/player?player_id=430945&pos=CF&player_type=batter&season=2017&tab=zone_chart_tab#,CF
"Cozart, Z",446359,https://baseballsavant.mlb.com/player?player_id=446359&pos=SS&player_type=batter&season=2017&tab=zone_chart_tab#,SS
"Lowrie, J",476704,https://baseballsavant.mlb.com/player?player_id=476704&pos=2B&player_type=batter&season=2017&tab=zone_chart_tab#,2B
"Andrus, E",462101,https://baseballsavant.mlb.com/player?player_id=462101&pos=SS&player_type=batter&season=2017&tab=zone_chart_tab#,SS
"Beckham, T",542921,https://baseballsavant.mlb.com/player?player_id=542921&pos=3B&player_type=batter&season=2017&tab=zone_chart_tab#,3B
"Pirela, J",517369,https://baseballsavant.mlb.com/player?player_id=517369&pos=LF&player_type=batter&season=2017&tab=zone_chart_tab#,LF
"Gardner, B",458731,https://baseballsavant.mlb.com/player?player_id=458731&pos=LF&player_type=batter&season=2017&tab=zone_chart_tab#,LF
"Machado, M",592518,https://baseballsavant.mlb.com/player?player_id=592518&pos=SS&player_type=batter&season=2017&tab=zone_chart_tab#,SS
"Pujols, A",405395,https://baseballsavant.mlb.com/player?player_id=405395&pos=DH&player_type=batter&season=2017&tab=zone_chart_tab#,DH
"Simmons, A",592743,https://baseballsavant.mlb.com/player?player_id=592743&pos=SS&player_type=batter&season=2017&tab=zone_chart_tab#,SS
"Stanton, G",519317,https://baseballsavant.mlb.com/player?player_id=519317&pos=RF&player_type=batter&season=2017&tab=zone_chart_tab#,RF
"Albies, O",645277,https://baseballsavant.mlb.com/player?player_id=645277&pos=2B&player_type=batter&season=2017&tab=zone_chart_tab#,2B
"Brinson, L",621446,https://baseballsavant.mlb.com/player?player_id=621446&pos=CF&player_type=batter&season=2017&tab=zone_chart_tab#,CF
"Cain, L",456715,https://baseballsavant.mlb.com/player?player_id=456715&pos=CF&player_type=batter&season=2017&tab=zone_chart_tab#,CF
"Calhoun, K",594777,https://baseballsavant.mlb.com/player?player_id=594777&pos=RF&player_type=batter&season=2017&tab=zone_chart_tab#,RF
"Dietrich, D",518618,https://baseballsavant.mlb.com/player?player_id=518618&pos=OF&player_type=batter&season=2017&tab=zone_chart_tab#,OF
"Trout, M",545361,https://baseballsavant.mlb.com/player?player_id=545361&pos=CF&player_type=batter&season=2017&tab=zone_chart_tab#,CF
"Chapman, M",656305,https://baseballsavant.mlb.com/player?player_id=656305&pos=3B&player_type=batter&season=2017&tab=zone_chart_tab#,3B
"Choo, S",425783,https://baseballsavant.mlb.com/player?player_id=425783&pos=RF&player_type=batter&season=2017&tab=zone_chart_tab#,RF
"Duffy, M",622110,https://baseballsavant.mlb.com/player?player_id=622110&pos=3B&player_type=batter&season=2017&tab=zone_chart_tab#,3B
"Garcia, A",541645,https://baseballsavant.mlb.com/player?player_id=541645&pos=RF&player_type=batter&season=2017&tab=zone_chart_tab#,RF
"Davis, K",501981,https://baseballsavant.mlb.com/player?player_id=501981&pos=LF&player_type=batter&season=2017&tab=zone_chart_tab#,LF
"Hosmer, E",543333,https://baseballsavant.mlb.com/player?player_id=543333&pos=1B&player_type=batter&season=2017&tab=zone_chart_tab#,1B
"Inciarte, E",542255,https://baseballsavant.mlb.com/player?player_id=542255&pos=CF&player_type=batter&season=2017&tab=zone_chart_tab#,CF
"Mancini, T",641820,https://baseballsavant.mlb.com/player?player_id=641820&pos=LF&player_type=batter&season=2017&tab=zone_chart_tab#,LF
"Olson, M",621566,https://baseballsavant.mlb.com/player?player_id=621566&pos=1B&player_type=batter&season=2017&tab=zone_chart_tab#,1B
"Puig, Y",624577,https://baseballsavant.mlb.com/player?player_id=624577&pos=RF&player_type=batter&season=2017&tab=zone_chart_tab#,RF
"Shaw, T",543768,https://baseballsavant.mlb.com/player?player_id=543768&pos=3B&player_type=batter&season=2017&tab=zone_chart_tab#,3B
"Springer, G",543807,https://baseballsavant.mlb.com/player?player_id=543807&pos=CF&player_type=batter&season=2017&tab=zone_chart_tab#,CF
"Taylor, C",621035,https://baseballsavant.mlb.com/player?player_id=621035&pos=LF&player_type=batter&season=2017&tab=zone_chart_tab#,LF
"Upton, J",457708,https://baseballsavant.mlb.com/player?player_id=457708&pos=LF&player_type=batter&season=2017&tab=zone_chart_tab#,LF
"Altuve, J",514888,https://baseballsavant.mlb.com/player?player_id=514888&pos=2B&player_type=batter&season=2017&tab=zone_chart_tab#,2B
"Beltre, A",134181,https://baseballsavant.mlb.com/player?player_id=134181&pos=3B&player_type=batter&season=2017&tab=zone_chart_tab#,3B
"Bogaerts, X",593428,https://baseballsavant.mlb.com/player?player_id=593428&pos=SS&player_type=batter&season=2017&tab=zone_chart_tab#,SS
"Bregman, A",608324,https://baseballsavant.mlb.com/player?player_id=608324&pos=3B&player_type=batter&season=2017&tab=zone_chart_tab#,3B
"Donaldson, J",518626,https://baseballsavant.mlb.com/player?player_id=518626&pos=3B&player_type=batter&season=2017&tab=zone_chart_tab#,3B
"Fowler, D",451594,https://baseballsavant.mlb.com/player?player_id=451594&pos=CF&player_type=batter&season=2017&tab=zone_chart_tab#,CF
"Harrison, J",543281,https://baseballsavant.mlb.com/player?player_id=543281&pos=2B&player_type=batter&season=2017&tab=zone_chart_tab#,2B
"Judge, A",592450,https://baseballsavant.mlb.com/player?player_id=592450&pos=RF&player_type=batter&season=2017&tab=zone_chart_tab#,RF
"LeMahieu, D",518934,https://baseballsavant.mlb.com/player?player_id=518934&pos=2B&player_type=batter&season=2017&tab=zone_chart_tab#,2B
"Marte, K",606466,https://baseballsavant.mlb.com/player?player_id=606466&pos=2B&player_type=batter&season=2017&tab=zone_chart_tab#,2B
"Ozuna, M",542303,https://baseballsavant.mlb.com/player?player_id=542303&pos=LF&player_type=batter&season=2017&tab=zone_chart_tab#,LF
"Rendon, A",543685,https://baseballsavant.mlb.com/player?player_id=543685&pos=3B&player_type=batter&season=2017&tab=zone_chart_tab#,3B
"Story, T",596115,https://baseballsavant.mlb.com/player?player_id=596115&pos=SS&player_type=batter&season=2017&tab=zone_chart_tab#,SS
"Arenado, N",571448,https://baseballsavant.mlb.com/player?player_id=571448&pos=3B&player_type=batter&season=2017&tab=zone_chart_tab#,3B
"Bryant, K",592178,https://baseballsavant.mlb.com/player?player_id=592178&pos=3B&player_type=batter&season=2017&tab=zone_chart_tab#,3B
"Castro, S",516770,https://baseballsavant.mlb.com/player?player_id=516770&pos=2B&player_type=batter&season=2017&tab=zone_chart_tab#,2B
"Margot, M",622534,https://baseballsavant.mlb.com/player?player_id=622534&pos=CF&player_type=batter&season=2017&tab=zone_chart_tab#,CF
"Markakis, N",455976,https://baseballsavant.mlb.com/player?player_id=455976&pos=RF&player_type=batter&season=2017&tab=zone_chart_tab#,RF
"Moncada, Y",660162,https://baseballsavant.mlb.com/player?player_id=660162&pos=2B&player_type=batter&season=2017&tab=zone_chart_tab#,2B
"Pillar, K",607680,https://baseballsavant.mlb.com/player?player_id=607680&pos=CF&player_type=batter&season=2017&tab=zone_chart_tab#,CF
"Ramirez, H",434670,https://baseballsavant.mlb.com/player?player_id=434670&pos=DH&player_type=batter&season=2017&tab=zone_chart_tab#,DH
"Smoak, J",475253,https://baseballsavant.mlb.com/player?player_id=475253&pos=1B&player_type=batter&season=2017&tab=zone_chart_tab#,1B
"Abreu, J",547989,https://baseballsavant.mlb.com/player?player_id=547989&pos=1B&player_type=batter&season=2017&tab=zone_chart_tab#,1B
"Asuaje, C",641319,https://baseballsavant.mlb.com/player?player_id=641319&pos=2B&player_type=batter&season=2017&tab=zone_chart_tab#,2B
"Blackmon, C",453568,https://baseballsavant.mlb.com/player?player_id=453568&pos=CF&player_type=batter&season=2017&tab=zone_chart_tab#,CF
"Gomez, C",460576,https://baseballsavant.mlb.com/player?player_id=460576&pos=CF&player_type=batter&season=2017&tab=zone_chart_tab#,CF
"Gonzalez, C",471865,https://baseballsavant.mlb.com/player?player_id=471865&pos=RF&player_type=batter&season=2017&tab=zone_chart_tab#,RF
"Lindor, F",596019,https://baseballsavant.mlb.com/player?player_id=596019&pos=SS&player_type=batter&season=2017&tab=zone_chart_tab#,SS
"Mazara, N",608577,https://baseballsavant.mlb.com/player?player_id=608577&pos=RF&player_type=batter&season=2017&tab=zone_chart_tab#,RF
"Piscotty, S",572039,https://baseballsavant.mlb.com/player?player_id=572039&pos=RF&player_type=batter&season=2017&tab=zone_chart_tab#,RF
"Anderson, B",605119,https://baseballsavant.mlb.com/player?player_id=605119&pos=3B&player_type=batter&season=2017&tab=zone_chart_tab#,3B
"Candelario, J",600869,https://baseballsavant.mlb.com/player?player_id=600869&pos=3B&player_type=batter&season=2017&tab=zone_chart_tab#,3B
"Contreras, W",575929,https://baseballsavant.mlb.com/player?player_id=575929&pos=C&player_type=batter&season=2017&tab=zone_chart_tab#,C
"Desmond, I",435622,https://baseballsavant.mlb.com/player?player_id=435622&pos=LF&player_type=batter&season=2017&tab=zone_chart_tab#,LF
"Hechavarria, A",588751,https://baseballsavant.mlb.com/player?player_id=588751&pos=SS&player_type=batter&season=2017&tab=zone_chart_tab#,SS
"Marte, S",516782,https://baseballsavant.mlb.com/player?player_id=516782&pos=LF&player_type=batter&season=2017&tab=zone_chart_tab#,LF
"McCutchen, A",457705,https://baseballsavant.mlb.com/player?player_id=457705&pos=CF&player_type=batter&season=2017&tab=zone_chart_tab#,CF
"Pham, T",502054,https://baseballsavant.mlb.com/player?player_id=502054&pos=LF&player_type=batter&season=2017&tab=zone_chart_tab#,LF
"Pollock, A",572041,https://baseballsavant.mlb.com/player?player_id=572041&pos=CF&player_type=batter&season=2017&tab=zone_chart_tab#,CF
"Valbuena, L",472528,https://baseballsavant.mlb.com/player?player_id=472528&pos=1B&player_type=batter&season=2017&tab=zone_chart_tab#,1B
"Anderson, T",641313,https://baseballsavant.mlb.com/player?player_id=641313&pos=SS&player_type=batter&season=2017&tab=zone_chart_tab#,SS
"Bell, J",605137,https://baseballsavant.mlb.com/player?player_id=605137&pos=1B&player_type=batter&season=2017&tab=zone_chart_tab#,1B
"Castellanos, N",592206,https://baseballsavant.mlb.com/player?player_id=592206&pos=RF&player_type=batter&season=2017&tab=zone_chart_tab#,RF
"Grichuk, R",545341,https://baseballsavant.mlb.com/player?player_id=545341&pos=LF&player_type=batter&season=2017&tab=zone_chart_tab#,LF
"Joyce, M",459964,https://baseballsavant.mlb.com/player?player_id=459964&pos=RF&player_type=batter&season=2017&tab=zone_chart_tab#,RF
"Kipnis, J",543401,https://baseballsavant.mlb.com/player?player_id=543401&pos=2B&player_type=batter&season=2017&tab=zone_chart_tab#,2B
"Molina, Y",425877,https://baseballsavant.mlb.com/player?player_id=425877&pos=C&player_type=batter&season=2017&tab=zone_chart_tab#,C
"Nunez, E",456488,https://baseballsavant.mlb.com/player?player_id=456488&pos=2B&player_type=batter&season=2017&tab=zone_chart_tab#,2B
"Odor, R",596059,https://baseballsavant.mlb.com/player?player_id=596059&pos=2B&player_type=batter&season=2017&tab=zone_chart_tab#,2B
"Peralta, D",444482,https://baseballsavant.mlb.com/player?player_id=444482&pos=RF&player_type=batter&season=2017&tab=zone_chart_tab#,RF
"Rojas, M",500743,https://baseballsavant.mlb.com/player?player_id=500743&pos=SS&player_type=batter&season=2017&tab=zone_chart_tab#,SS
"Seager, C",608369,https://baseballsavant.mlb.com/player?player_id=608369&pos=SS&player_type=batter&season=2017&tab=zone_chart_tab#,SS
"Swanson, D",621020,https://baseballsavant.mlb.com/player?player_id=621020&pos=SS&player_type=batter&season=2017&tab=zone_chart_tab#,SS
"Turner, T",607208,https://baseballsavant.mlb.com/player?player_id=607208&pos=SS&player_type=batter&season=2017&tab=zone_chart_tab#,SS
"Villar, J",542340,https://baseballsavant.mlb.com/player?player_id=542340&pos=2B&player_type=batter&season=2017&tab=zone_chart_tab#,2B
"Alonso, Y",475174,https://baseballsavant.mlb.com/player?player_id=475174&pos=1B&player_type=batter&season=2017&tab=zone_chart_tab#,1B
"Bellinger, C",641355,https://baseballsavant.mlb.com/player?player_id=641355&pos=1B&player_type=batter&season=2017&tab=zone_chart_tab#,1B
"Betts, M",605141,https://baseballsavant.mlb.com/player?player_id=605141&pos=RF&player_type=batter&season=2017&tab=zone_chart_tab#,RF
"Bour, J",571506,https://baseballsavant.mlb.com/player?player_id=571506&pos=1B&player_type=batter&season=2017&tab=zone_chart_tab#,1B
"Bruce, J",457803,https://baseballsavant.mlb.com/player?player_id=457803&pos=RF&player_type=batter&season=2017&tab=zone_chart_tab#,RF
"Cabrera, A",452678,https://baseballsavant.mlb.com/player?player_id=452678&pos=SS&player_type=batter&season=2017&tab=zone_chart_tab#,SS
"Cespedes, Y",493316,https://baseballsavant.mlb.com/player?player_id=493316&pos=LF&player_type=batter&season=2017&tab=zone_chart_tab#,LF
"DeJong, P",657557,https://baseballsavant.mlb.com/player?player_id=657557&pos=SS&player_type=batter&season=2017&tab=zone_chart_tab#,SS
"Dickerson, C",572816,https://baseballsavant.mlb.com/player?player_id=572816&pos=LF&player_type=batter&season=2017&tab=zone_chart_tab#,LF
"Galvis, F",520471,https://baseballsavant.mlb.com/player?player_id=520471&pos=SS&player_type=batter&season=2017&tab=zone_chart_tab#,SS
"Gattis, E",594828,https://baseballsavant.mlb.com/player?player_id=594828&pos=C&player_type=batter&season=2017&tab=zone_chart_tab#,C
"Gennett, S",571697,https://baseballsavant.mlb.com/player?player_id=571697&pos=2B&player_type=batter&season=2017&tab=zone_chart_tab#,2B
"Ramirez, J",608070,https://baseballsavant.mlb.com/player?player_id=608070&pos=3B&player_type=batter&season=2017&tab=zone_chart_tab#,3B
"Braun, R",460075,https://baseballsavant.mlb.com/player?player_id=460075&pos=LF&player_type=batter&season=2017&tab=zone_chart_tab#,LF
"Cron, C",543068,https://baseballsavant.mlb.com/player?player_id=543068&pos=1B&player_type=batter&season=2017&tab=zone_chart_tab#,1B
"Forsythe, L",523253,https://baseballsavant.mlb.com/player?player_id=523253&pos=2B&player_type=batter&season=2017&tab=zone_chart_tab#,2B
"Gonzalez, M",503556,https://baseballsavant.mlb.com/player?player_id=503556&pos=LF&player_type=batter&season=2017&tab=zone_chart_tab#,LF
"Gregorius, D",544369,https://baseballsavant.mlb.com/player?player_id=544369&pos=SS&player_type=batter&season=2017&tab=zone_chart_tab#,SS
"Kendrick, H",435062,https://baseballsavant.mlb.com/player?player_id=435062&pos=LF&player_type=batter&season=2017&tab=zone_chart_tab#,LF
"Kiermaier, K",595281,https://baseballsavant.mlb.com/player?player_id=595281&pos=CF&player_type=batter&season=2017&tab=zone_chart_tab#,CF
"Machado, D",553988,https://baseballsavant.mlb.com/player?player_id=553988&pos=2B&player_type=batter&season=2017&tab=zone_chart_tab#,2B
"Martinez, J",500874,https://baseballsavant.mlb.com/player?player_id=500874&pos=1B&player_type=batter&season=2017&tab=zone_chart_tab#,1B
"Panik, J",605412,https://baseballsavant.mlb.com/player?player_id=605412&pos=2B&player_type=batter&season=2017&tab=zone_chart_tab#,2B
"Parra, G",467827,https://baseballsavant.mlb.com/player?player_id=467827&pos=LF&player_type=batter&season=2017&tab=zone_chart_tab#,LF
"Sanchez, G",596142,https://baseballsavant.mlb.com/player?player_id=596142&pos=C&player_type=batter&season=2017&tab=zone_chart_tab#,C
"Santana, D",570267,https://baseballsavant.mlb.com/player?player_id=570267&pos=RF&player_type=batter&season=2017&tab=zone_chart_tab#,RF
"Benintendi, A",643217,https://baseballsavant.mlb.com/player?player_id=643217&pos=LF&player_type=batter&season=2017&tab=zone_chart_tab#,LF
"Devers, R",646240,https://baseballsavant.mlb.com/player?player_id=646240&pos=3B&player_type=batter&season=2017&tab=zone_chart_tab#,3B
"Dozier, B",572821,https://baseballsavant.mlb.com/player?player_id=572821&pos=2B&player_type=batter&season=2017&tab=zone_chart_tab#,2B
"Encarnacion, E",429665,https://baseballsavant.mlb.com/player?player_id=429665&pos=DH&player_type=batter&season=2017&tab=zone_chart_tab#,DH
"Martinez, J",502110,https://baseballsavant.mlb.com/player?player_id=502110&pos=RF&player_type=batter&season=2017&tab=zone_chart_tab#,RF
"Ramos, W",467092,https://baseballsavant.mlb.com/player?player_id=467092&pos=C&player_type=batter&season=2017&tab=zone_chart_tab#,C
"Sanchez, Y",570560,https://baseballsavant.mlb.com/player?player_id=570560&pos=2B&player_type=batter&season=2017&tab=zone_chart_tab#,2B
"Votto, J",458015,https://baseballsavant.mlb.com/player?player_id=458015&pos=1B&player_type=batter&season=2017&tab=zone_chart_tab#,1B
"Walker, N",435522,https://baseballsavant.mlb.com/player?player_id=435522&pos=2B&player_type=batter&season=2017&tab=zone_chart_tab#,2B
"Arcia, O",606115,https://baseballsavant.mlb.com/player?player_id=606115&pos=SS&player_type=batter&season=2017&tab=zone_chart_tab#,SS
"Davis, C",448801,https://baseballsavant.mlb.com/player?player_id=448801&pos=1B&player_type=batter&season=2017&tab=zone_chart_tab#,1B
"Freeman, F",518692,https://baseballsavant.mlb.com/player?player_id=518692&pos=1B&player_type=batter&season=2017&tab=zone_chart_tab#,1B
"Goldschmidt, P",502671,https://baseballsavant.mlb.com/player?player_id=502671&pos=1B&player_type=batter&season=2017&tab=zone_chart_tab#,1B
"Gordon, D",543829,https://baseballsavant.mlb.com/player?player_id=543829&pos=CF&player_type=batter&season=2017&tab=zone_chart_tab#,CF
"Martin, L",547982,https://baseballsavant.mlb.com/player?player_id=547982&pos=OF&player_type=batter&season=2017&tab=zone_chart_tab#,OF
"Russell, A",608365,https://baseballsavant.mlb.com/player?player_id=608365&pos=SS&player_type=batter&season=2017&tab=zone_chart_tab#,SS
"Taylor, M",572191,https://baseballsavant.mlb.com/player?player_id=572191&pos=CF&player_type=batter&season=2017&tab=zone_chart_tab#,CF
"Cabrera, M",408234,https://baseballsavant.mlb.com/player?player_id=408234&pos=1B&player_type=batter&season=2017&tab=zone_chart_tab#,1B
"Correa, C",621043,https://baseballsavant.mlb.com/player?player_id=621043&pos=SS&player_type=batter&season=2017&tab=zone_chart_tab#,SS
"Eaton, A",594809,https://baseballsavant.mlb.com/player?player_id=594809&pos=CF&player_type=batter&season=2017&tab=zone_chart_tab#,CF
"Flaherty, R",475247,https://baseballsavant.mlb.com/player?player_id=475247&pos=2B&player_type=batter&season=2017&tab=zone_chart_tab#,2B
"Hernandez, C",514917,https://baseballsavant.mlb.com/player?player_id=514917&pos=2B&player_type=batter&season=2017&tab=zone_chart_tab#,2B
"Longoria, E",446334,https://baseballsavant.mlb.com/player?player_id=446334&pos=3B&player_type=batter&season=2017&tab=zone_chart_tab#,3B
"Moran, C",592567,https://baseballsavant.mlb.com/player?player_id=592567&pos=3B&player_type=batter&season=2017&tab=zone_chart_tab#,3B
"Pence, H",452254,https://baseballsavant.mlb.com/player?player_id=452254&pos=RF&player_type=batter&season=2017&tab=zone_chart_tab#,RF
"Polanco, G",570256,https://baseballsavant.mlb.com/player?player_id=570256&pos=RF&player_type=batter&season=2017&tab=zone_chart_tab#,RF
"Rua, R",607387,https://baseballsavant.mlb.com/player?player_id=607387&pos=LF&player_type=batter&season=2017&tab=zone_chart_tab#,LF
"Santana, C",467793,https://baseballsavant.mlb.com/player?player_id=467793&pos=1B&player_type=batter&season=2017&tab=zone_chart_tab#,1B
"Santander, A",623993,https://baseballsavant.mlb.com/player?player_id=623993&pos=RF&player_type=batter&season=2017&tab=zone_chart_tab#,RF
"Schwarber, K",656941,https://baseballsavant.mlb.com/player?player_id=656941&pos=LF&player_type=batter&season=2017&tab=zone_chart_tab#,LF
"Segura, J",516416,https://baseballsavant.mlb.com/player?player_id=516416&pos=SS&player_type=batter&season=2017&tab=zone_chart_tab#,SS
"Austin, T",592122,https://baseballsavant.mlb.com/player?player_id=592122&pos=1B&player_type=batter&season=2017&tab=zone_chart_tab#,1B
"Carpenter, M",572761,https://baseballsavant.mlb.com/player?player_id=572761&pos=1B&player_type=batter&season=2017&tab=zone_chart_tab#,1B
"Cervelli, F",465041,https://baseballsavant.mlb.com/player?player_id=465041&pos=C&player_type=batter&season=2017&tab=zone_chart_tab#,C
"Chirinos, R",455139,https://baseballsavant.mlb.com/player?player_id=455139&pos=C&player_type=batter&season=2017&tab=zone_chart_tab#,C
"Davidson, M",571602,https://baseballsavant.mlb.com/player?player_id=571602&pos=DH&player_type=batter&season=2017&tab=zone_chart_tab#,DH
"Duvall, A",594807,https://baseballsavant.mlb.com/player?player_id=594807&pos=LF&player_type=batter&season=2017&tab=zone_chart_tab#,LF
"Grandal, Y",518735,https://baseballsavant.mlb.com/player?player_id=518735&pos=C&player_type=batter&season=2017&tab=zone_chart_tab#,C
"Happ, I",664023,https://baseballsavant.mlb.com/player?player_id=664023&pos=CF&player_type=batter&season=2017&tab=zone_chart_tab#,CF
"Harper, B",547180,https://baseballsavant.mlb.com/player?player_id=547180&pos=RF&player_type=batter&season=2017&tab=zone_chart_tab#,RF
"Lucroy, J",518960,https://baseballsavant.mlb.com/player?player_id=518960&pos=C&player_type=batter&season=2017&tab=zone_chart_tab#,C
"Maybin, C",457727,https://baseballsavant.mlb.com/player?player_id=457727&pos=LF&player_type=batter&season=2017&tab=zone_chart_tab#,LF
"Mercer, J",474568,https://baseballsavant.mlb.com/player?player_id=474568&pos=SS&player_type=batter&season=2017&tab=zone_chart_tab#,SS
"Rizzo, A",519203,https://baseballsavant.mlb.com/player?player_id=519203&pos=1B&player_type=batter&season=2017&tab=zone_chart_tab#,1B
"Baez, J",595879,https://baseballsavant.mlb.com/player?player_id=595879&pos=2B&player_type=batter&season=2017&tab=zone_chart_tab#,2B
"Buxton, B",621439,https://baseballsavant.mlb.com/player?player_id=621439&pos=CF&player_type=batter&season=2017&tab=zone_chart_tab#,CF
"Frazier, T",453943,https://baseballsavant.mlb.com/player?player_id=453943&pos=3B&player_type=batter&season=2017&tab=zone_chart_tab#,3B
"Heyward, J",518792,https://baseballsavant.mlb.com/player?player_id=518792&pos=RF&player_type=batter&season=2017&tab=zone_chart_tab#,RF
"Merrifield, W",593160,https://baseballsavant.mlb.com/player?player_id=593160&pos=2B&player_type=batter&season=2017&tab=zone_chart_tab#,2B
"Miller, B",543543,https://baseballsavant.mlb.com/player?player_id=543543&pos=2B&player_type=batter&season=2017&tab=zone_chart_tab#,2B
"Moustakas, M",519058,https://baseballsavant.mlb.com/player?player_id=519058&pos=3B&player_type=batter&season=2017&tab=zone_chart_tab#,3B
"Pina, M",444489,https://baseballsavant.mlb.com/player?player_id=444489&pos=C&player_type=batter&season=2017&tab=zone_chart_tab#,C
"Renfroe, H",592669,https://baseballsavant.mlb.com/player?player_id=592669&pos=RF&player_type=batter&season=2017&tab=zone_chart_tab#,RF
"Sano, M",593934,https://baseballsavant.mlb.com/player?player_id=593934&pos=3B&player_type=batter&season=2017&tab=zone_chart_tab#,3B
"Span, D",452655,https://baseballsavant.mlb.com/player?player_id=452655&pos=CF&player_type=batter&season=2017&tab=zone_chart_tab#,CF
"Suarez, E",553993,https://baseballsavant.mlb.com/player?player_id=553993&pos=3B&player_type=batter&season=2017&tab=zone_chart_tab#,3B
"Travis, D",581527,https://baseballsavant.mlb.com/player?player_id=581527&pos=2B&player_type=batter&season=2017&tab=zone_chart_tab#,2B
"Tucker, P",605512,https://baseballsavant.mlb.com/player?player_id=605512&pos=RF&player_type=batter&season=2017&tab=zone_chart_tab#,RF
"Zimmerman, R",475582,https://baseballsavant.mlb.com/player?player_id=475582&pos=1B&player_type=batter&season=2017&tab=zone_chart_tab#,1B
"Bradley Jr., J",598265,https://baseballsavant.mlb.com/player?player_id=598265&pos=CF&player_type=batter&season=2017&tab=zone_chart_tab#,CF
"Castillo, W",456078,https://baseballsavant.mlb.com/player?player_id=456078&pos=C&player_type=batter&season=2017&tab=zone_chart_tab#,C
"Crawford, B",543063,https://baseballsavant.mlb.com/player?player_id=543063&pos=SS&player_type=batter&season=2017&tab=zone_chart_tab#,SS
"Iannetta, C",455104,https://baseballsavant.mlb.com/player?player_id=455104&pos=C&player_type=batter&season=2017&tab=zone_chart_tab#,C
"Iglesias, J",578428,https://baseballsavant.mlb.com/player?player_id=578428&pos=SS&player_type=batter&season=2017&tab=zone_chart_tab#,SS
"Owings, C",572008,https://baseballsavant.mlb.com/player?player_id=572008&pos=OF&player_type=batter&season=2017&tab=zone_chart_tab#,OF
"Posey, B",457763,https://baseballsavant.mlb.com/player?player_id=457763&pos=C&player_type=batter&season=2017&tab=zone_chart_tab#,C
"Reddick, J",502210,https://baseballsavant.mlb.com/player?player_id=502210&pos=RF&player_type=batter&season=2017&tab=zone_chart_tab#,RF
"Rosario, E",592696,https://baseballsavant.mlb.com/player?player_id=592696&pos=LF&player_type=batter&season=2017&tab=zone_chart_tab#,LF
"Seager, K",572122,https://baseballsavant.mlb.com/player?player_id=572122&pos=3B&player_type=batter&season=2017&tab=zone_chart_tab#,3B
"Solarte, Y",500208,https://baseballsavant.mlb.com/player?player_id=500208&pos=2B&player_type=batter&season=2017&tab=zone_chart_tab#,2B
"Vazquez, C",543877,https://baseballsavant.mlb.com/player?player_id=543877&pos=C&player_type=batter&season=2017&tab=zone_chart_tab#,C
"Yelich, C",592885,https://baseballsavant.mlb.com/player?player_id=592885&pos=CF&player_type=batter&season=2017&tab=zone_chart_tab#,CF
"Zimmer, B",605548,https://baseballsavant.mlb.com/player?player_id=605548&pos=CF&player_type=batter&season=2017&tab=zone_chart_tab#,CF
"Cano, R",429664,https://baseballsavant.mlb.com/player?player_id=429664&pos=2B&player_type=batter&season=2017&tab=zone_chart_tab#,2B
"Herrera, O",546318,https://baseballsavant.mlb.com/player?player_id=546318&pos=CF&player_type=batter&season=2017&tab=zone_chart_tab#,CF
"Hoskins, R",656555,https://baseballsavant.mlb.com/player?player_id=656555&pos=LF&player_type=batter&season=2017&tab=zone_chart_tab#,LF
"Jackson, A",457706,https://baseballsavant.mlb.com/player?player_id=457706&pos=CF&player_type=batter&season=2017&tab=zone_chart_tab#,CF
"Mahtook, M",543484,https://baseballsavant.mlb.com/player?player_id=543484&pos=CF&player_type=batter&season=2017&tab=zone_chart_tab#,CF
"Peraza, J",606299,https://baseballsavant.mlb.com/player?player_id=606299&pos=SS&player_type=batter&season=2017&tab=zone_chart_tab#,SS
"Thames, E",519346,https://baseballsavant.mlb.com/player?player_id=519346&pos=1B&player_type=batter&season=2017&tab=zone_chart_tab#,1B
"Villanueva, C",570799,https://baseballsavant.mlb.com/player?player_id=570799&pos=3B&player_type=batter&season=2017&tab=zone_chart_tab#,3B
"Zobrist, B",450314,https://baseballsavant.mlb.com/player?player_id=450314&pos=2B&player_type=batter&season=2017&tab=zone_chart_tab#,2B
"Altherr, A",571437,https://baseballsavant.mlb.com/player?player_id=571437&pos=RF&player_type=batter&season=2017&tab=zone_chart_tab#,RF
"Belt, B",474832,https://baseballsavant.mlb.com/player?player_id=474832&pos=1B&player_type=batter&season=2017&tab=zone_chart_tab#,1B
"Escobar, A",444876,https://baseballsavant.mlb.com/player?player_id=444876&pos=SS&player_type=batter&season=2017&tab=zone_chart_tab#,SS
"Haniger, M",571745,https://baseballsavant.mlb.com/player?player_id=571745&pos=RF&player_type=batter&season=2017&tab=zone_chart_tab#,RF
"Hedges, A",595978,https://baseballsavant.mlb.com/player?player_id=595978&pos=C&player_type=batter&season=2017&tab=zone_chart_tab#,C
"Jay, J",445055,https://baseballsavant.mlb.com/player?player_id=445055&pos=OF&player_type=batter&season=2017&tab=zone_chart_tab#,OF
"Kingery, S",664068,https://baseballsavant.mlb.com/player?player_id=664068&pos=2B&player_type=batter&season=2017&tab=zone_chart_tab#,2B
"Marisnick, J",545350,https://baseballsavant.mlb.com/player?player_id=545350&pos=CF&player_type=batter&season=2017&tab=zone_chart_tab#,CF
"McCann, J",543510,https://baseballsavant.mlb.com/player?player_id=543510&pos=C&player_type=batter&season=2017&tab=zone_chart_tab#,C
"Powell, B",621471,https://baseballsavant.mlb.com/player?player_id=621471&pos=CF&player_type=batter&season=2017&tab=zone_chart_tab#,CF
"Robinson, D",592685,https://baseballsavant.mlb.com/player?player_id=592685&pos=LF&player_type=batter&season=2017&tab=zone_chart_tab#,LF
"Crawford, J",641487,https://baseballsavant.mlb.com/player?player_id=641487&pos=SS&player_type=batter&season=2017&tab=zone_chart_tab#,SS
"Delmonico, N",547170,https://baseballsavant.mlb.com/player?player_id=547170&pos=LF&player_type=batter&season=2017&tab=zone_chart_tab#,LF
"Descalso, D",518614,https://baseballsavant.mlb.com/player?player_id=518614&pos=3B&player_type=batter&season=2017&tab=zone_chart_tab#,3B
"Diaz, A",649557,https://baseballsavant.mlb.com/player?player_id=649557&pos=SS&player_type=batter&season=2017&tab=zone_chart_tab#,SS
"Drury, B",592273,https://baseballsavant.mlb.com/player?player_id=592273&pos=3B&player_type=batter&season=2017&tab=zone_chart_tab#,3B
"Engel, A",641553,https://baseballsavant.mlb.com/player?player_id=641553&pos=CF&player_type=batter&season=2017&tab=zone_chart_tab#,CF
"Franco, M",596748,https://baseballsavant.mlb.com/player?player_id=596748&pos=3B&player_type=batter&season=2017&tab=zone_chart_tab#,3B
"Gonzalez, A",408236,https://baseballsavant.mlb.com/player?player_id=408236&pos=1B&player_type=batter&season=2017&tab=zone_chart_tab#,1B
"Gordon, A",460086,https://baseballsavant.mlb.com/player?player_id=460086&pos=LF&player_type=batter&season=2017&tab=zone_chart_tab#,LF
"Hernandez, E",571771,https://baseballsavant.mlb.com/player?player_id=571771&pos=CF&player_type=batter&season=2017&tab=zone_chart_tab#,CF
"Joseph, C",543376,https://baseballsavant.mlb.com/player?player_id=543376&pos=C&player_type=batter&season=2017&tab=zone_chart_tab#,C
"Maldonado, M",455117,https://baseballsavant.mlb.com/player?player_id=455117&pos=C&player_type=batter&season=2017&tab=zone_chart_tab#,C
"Rosario, A",642708,https://baseballsavant.mlb.com/player?player_id=642708&pos=SS&player_type=batter&season=2017&tab=zone_chart_tab#,SS
"Wendle, J",621563,https://baseballsavant.mlb.com/player?player_id=621563&pos=2B&player_type=batter&season=2017&tab=zone_chart_tab#,2B
"Ahmed, N",605113,https://baseballsavant.mlb.com/player?player_id=605113&pos=SS&player_type=batter&season=2017&tab=zone_chart_tab#,SS
"Duda, L",446263,https://baseballsavant.mlb.com/player?player_id=446263&pos=1B&player_type=batter&season=2017&tab=zone_chart_tab#,1B
"Granderson, C",434158,https://baseballsavant.mlb.com/player?player_id=434158&pos=LF&player_type=batter&season=2017&tab=zone_chart_tab#,LF
"Hamilton, B",571740,https://baseballsavant.mlb.com/player?player_id=571740&pos=CF&player_type=batter&season=2017&tab=zone_chart_tab#,CF
"Healy, R",592387,https://baseballsavant.mlb.com/player?player_id=592387&pos=1B&player_type=batter&season=2017&tab=zone_chart_tab#,1B
"Kemp, M",461314,https://baseballsavant.mlb.com/player?player_id=461314&pos=LF&player_type=batter&season=2017&tab=zone_chart_tab#,LF
"Kepler, M",596146,https://baseballsavant.mlb.com/player?player_id=596146&pos=RF&player_type=batter&season=2017&tab=zone_chart_tab#,RF
"Martin, R",431145,https://baseballsavant.mlb.com/player?player_id=431145&pos=C&player_type=batter&season=2017&tab=zone_chart_tab#,C
"Mauer, J",408045,https://baseballsavant.mlb.com/player?player_id=408045&pos=1B&player_type=batter&season=2017&tab=zone_chart_tab#,1B
"Spangenberg, C",605486,https://baseballsavant.mlb.com/player?player_id=605486&pos=3B&player_type=batter&season=2017&tab=zone_chart_tab#,3B
"Winker, J",608385,https://baseballsavant.mlb.com/player?player_id=608385&pos=RF&player_type=batter&season=2017&tab=zone_chart_tab#,RF
"Almora Jr., A",546991,https://baseballsavant.mlb.com/player?player_id=546991&pos=CF&player_type=batter&season=2017&tab=zone_chart_tab#,CF
"Gomes, Y",543228,https://baseballsavant.mlb.com/player?player_id=543228&pos=C&player_type=batter&season=2017&tab=zone_chart_tab#,C
"Martinez, V",400121,https://baseballsavant.mlb.com/player?player_id=400121&pos=DH&player_type=batter&season=2017&tab=zone_chart_tab#,DH
"Morales, K",434778,https://baseballsavant.mlb.com/player?player_id=434778&pos=DH&player_type=batter&season=2017&tab=zone_chart_tab#,DH
"Rasmus, C",458675,https://baseballsavant.mlb.com/player?player_id=458675&pos=LF&player_type=batter&season=2017&tab=zone_chart_tab#,LF
"Wallach, C",595453,https://baseballsavant.mlb.com/player?player_id=595453&pos=C&player_type=batter&season=2017&tab=zone_chart_tab#,C
"Wong, K",543939,https://baseballsavant.mlb.com/player?player_id=543939&pos=2B&player_type=batter&season=2017&tab=zone_chart_tab#,2B
"Andujar, M",609280,https://baseballsavant.mlb.com/player?player_id=609280&pos=3B&player_type=batter&season=2017&tab=zone_chart_tab#,3B
"Dyson, J",502481,https://baseballsavant.mlb.com/player?player_id=502481&pos=CF&player_type=batter&season=2017&tab=zone_chart_tab#,CF
"Escobar, E",500871,https://baseballsavant.mlb.com/player?player_id=500871&pos=3B&player_type=batter&season=2017&tab=zone_chart_tab#,3B
"Fisher, D",605233,https://baseballsavant.mlb.com/player?player_id=605233&pos=LF&player_type=batter&season=2017&tab=zone_chart_tab#,LF
"Smith, M",605480,https://baseballsavant.mlb.com/player?player_id=605480&pos=CF&player_type=batter&season=2017&tab=zone_chart_tab#,CF
"Utley, C",400284,https://baseballsavant.mlb.com/player?player_id=400284&pos=2B&player_type=batter&season=2017&tab=zone_chart_tab#,2B
"Wade, T",642180,https://baseballsavant.mlb.com/player?player_id=642180&pos=SS&player_type=batter&season=2017&tab=zone_chart_tab#,SS
"Barnhart, T",571466,https://baseballsavant.mlb.com/player?player_id=571466&pos=C&player_type=batter&season=2017&tab=zone_chart_tab#,C
"Caratini, V",605170,https://baseballsavant.mlb.com/player?player_id=605170&pos=C&player_type=batter&season=2017&tab=zone_chart_tab#,C
"McCann, B",435263,https://baseballsavant.mlb.com/player?player_id=435263&pos=C&player_type=batter&season=2017&tab=zone_chart_tab#,C
"Morrison, L",489149,https://baseballsavant.mlb.com/player?player_id=489149&pos=1B&player_type=batter&season=2017&tab=zone_chart_tab#,1B
"Suzuki, I",400085,https://baseballsavant.mlb.com/player?player_id=400085&pos=RF&player_type=batter&season=2017&tab=zone_chart_tab#,RF
"Avila, A",488671,https://baseballsavant.mlb.com/player?player_id=488671&pos=C&player_type=batter&season=2017&tab=zone_chart_tab#,C
"Cuthbert, C",596144,https://baseballsavant.mlb.com/player?player_id=596144&pos=3B&player_type=batter&season=2017&tab=zone_chart_tab#,3B
"Lamb, J",571875,https://baseballsavant.mlb.com/player?player_id=571875&pos=3B&player_type=batter&season=2017&tab=zone_chart_tab#,3B
"Ohtani, S",660271,https://baseballsavant.mlb.com/player?player_id=660271&pos=P&player_type=batter&season=2017&tab=zone_chart_tab#,P
"Chisenhall, L",502082,https://baseballsavant.mlb.com/player?player_id=502082&pos=RF&player_type=batter&season=2017&tab=zone_chart_tab#,RF
"Frazier, A",624428,https://baseballsavant.mlb.com/player?player_id=624428&pos=OF&player_type=batter&season=2017&tab=zone_chart_tab#,OF
"Garcia, L",544725,https://baseballsavant.mlb.com/player?player_id=544725&pos=CF&player_type=batter&season=2017&tab=zone_chart_tab#,CF
"Pearce, S",456665,https://baseballsavant.mlb.com/player?player_id=456665&pos=LF&player_type=batter&season=2017&tab=zone_chart_tab#,LF
"Sisco, C",642082,https://baseballsavant.mlb.com/player?player_id=642082&pos=C&player_type=batter&season=2017&tab=zone_chart_tab#,C
"Adams, M",571431,https://baseballsavant.mlb.com/player?player_id=571431&pos=1B&player_type=batter&season=2017&tab=zone_chart_tab#,1B
"Castro, J",488771,https://baseballsavant.mlb.com/player?player_id=488771&pos=C&player_type=batter&season=2017&tab=zone_chart_tab#,C
"Goodrum, N",592348,https://baseballsavant.mlb.com/player?player_id=592348&pos=3B&player_type=batter&season=2017&tab=zone_chart_tab#,3B
"Marte, J",527043,https://baseballsavant.mlb.com/player?player_id=527043&pos=1B&player_type=batter&season=2017&tab=zone_chart_tab#,1B
"Williams, N",608384,https://baseballsavant.mlb.com/player?player_id=608384&pos=RF&player_type=batter&season=2017&tab=zone_chart_tab#,RF
"d Arnaud, T",518595,https://baseballsavant.mlb.com/player?player_id=518595&pos=C&player_type=batter&season=2017&tab=zone_chart_tab#,C
"Difo, W",594694,https://baseballsavant.mlb.com/player?player_id=594694&pos=SS&player_type=batter&season=2017&tab=zone_chart_tab#,SS
"Goodwin, B",571718,https://baseballsavant.mlb.com/player?player_id=571718&pos=CF&player_type=batter&season=2017&tab=zone_chart_tab#,CF
"Knapp, A",595284,https://baseballsavant.mlb.com/player?player_id=595284&pos=C&player_type=batter&season=2017&tab=zone_chart_tab#,C
"Marjama, M",605357,https://baseballsavant.mlb.com/player?player_id=605357&pos=C&player_type=batter&season=2017&tab=zone_chart_tab#,C
"Pederson, J",592626,https://baseballsavant.mlb.com/player?player_id=592626&pos=LF&player_type=batter&season=2017&tab=zone_chart_tab#,LF
"Robertson, D",621002,https://baseballsavant.mlb.com/player?player_id=621002&pos=3B&player_type=batter&season=2017&tab=zone_chart_tab#,3B
"Romine, A",519222,https://baseballsavant.mlb.com/player?player_id=519222&pos=C&player_type=batter&season=2017&tab=zone_chart_tab#,C
"Soler, J",624585,https://baseballsavant.mlb.com/player?player_id=624585&pos=RF&player_type=batter&season=2017&tab=zone_chart_tab#,RF
"Stassi, M",545358,https://baseballsavant.mlb.com/player?player_id=545358&pos=C&player_type=batter&season=2017&tab=zone_chart_tab#,C
"Vogelbach, D",596129,https://baseballsavant.mlb.com/player?player_id=596129&pos=1B&player_type=batter&season=2017&tab=zone_chart_tab#,1B
"Alfaro, J",595751,https://baseballsavant.mlb.com/player?player_id=595751&pos=C&player_type=batter&season=2017&tab=zone_chart_tab#,C
"Butera, D",460077,https://baseballsavant.mlb.com/player?player_id=460077&pos=C&player_type=batter&season=2017&tab=zone_chart_tab#,C
"Davis, J",605204,https://baseballsavant.mlb.com/player?player_id=605204&pos=3B&player_type=batter&season=2017&tab=zone_chart_tab#,3B
"Davis, R",434658,https://baseballsavant.mlb.com/player?player_id=434658&pos=CF&player_type=batter&season=2017&tab=zone_chart_tab#,CF
"Guyer, B",446386,https://baseballsavant.mlb.com/player?player_id=446386&pos=RF&player_type=batter&season=2017&tab=zone_chart_tab#,RF
"Headley, C",452104,https://baseballsavant.mlb.com/player?player_id=452104&pos=3B&player_type=batter&season=2017&tab=zone_chart_tab#,3B
"Holaday, B",592407,https://baseballsavant.mlb.com/player?player_id=592407&pos=C&player_type=batter&season=2017&tab=zone_chart_tab#,C
"Lagares, J",501571,https://baseballsavant.mlb.com/player?player_id=501571&pos=CF&player_type=batter&season=2017&tab=zone_chart_tab#,CF
"Naquin, T",571980,https://baseballsavant.mlb.com/player?player_id=571980&pos=CF&player_type=batter&season=2017&tab=zone_chart_tab#,CF
"Sogard, E",519299,https://baseballsavant.mlb.com/player?player_id=519299&pos=2B&player_type=batter&season=2017&tab=zone_chart_tab#,2B
"Stewart, C",455755,https://baseballsavant.mlb.com/player?player_id=455755&pos=C&player_type=batter&season=2017&tab=zone_chart_tab#,C
"Torreyes, R",591720,https://baseballsavant.mlb.com/player?player_id=591720&pos=2B&player_type=batter&season=2017&tab=zone_chart_tab#,2B
"Valaika, P",642162,https://baseballsavant.mlb.com/player?player_id=642162&pos=SS&player_type=batter&season=2017&tab=zone_chart_tab#,SS
"Moreland, M",519048,https://baseballsavant.mlb.com/player?player_id=519048&pos=1B&player_type=batter&season=2017&tab=zone_chart_tab#,1B
"Pinder, C",640461,https://baseballsavant.mlb.com/player?player_id=640461&pos=SS&player_type=batter&season=2017&tab=zone_chart_tab#,SS
"Profar, J",595777,https://baseballsavant.mlb.com/player?player_id=595777&pos=SS&player_type=batter&season=2017&tab=zone_chart_tab#,SS
"Rivera, R",425784,https://baseballsavant.mlb.com/player?player_id=425784&pos=C&player_type=batter&season=2017&tab=zone_chart_tab#,C
"Smolinski, J",519295,https://baseballsavant.mlb.com/player?player_id=519295&pos=CF&player_type=batter&season=2017&tab=zone_chart_tab#,CF
"Alvarez, P",476883,https://baseballsavant.mlb.com/player?player_id=476883&pos=1B&player_type=batter&season=2017&tab=zone_chart_tab#,1B
"Barnes, A",605131,https://baseballsavant.mlb.com/player?player_id=605131&pos=C&player_type=batter&season=2017&tab=zone_chart_tab#,C
"Centeno, J",518542,https://baseballsavant.mlb.com/player?player_id=518542&pos=C&player_type=batter&season=2017&tab=zone_chart_tab#,C
"Gentry, C",502226,https://baseballsavant.mlb.com/player?player_id=502226&pos=CF&player_type=batter&season=2017&tab=zone_chart_tab#,CF
"La Stella, T",600303,https://baseballsavant.mlb.com/player?player_id=600303&pos=3B&player_type=batter&season=2017&tab=zone_chart_tab#,3B
"Maile, L",571912,https://baseballsavant.mlb.com/player?player_id=571912&pos=C&player_type=batter&season=2017&tab=zone_chart_tab#,C
"Myers, W",571976,https://baseballsavant.mlb.com/player?player_id=571976&pos=OF&player_type=batter&season=2017&tab=zone_chart_tab#,OF
"Orlando, P",449181,https://baseballsavant.mlb.com/player?player_id=449181&pos=RF&player_type=batter&season=2017&tab=zone_chart_tab#,RF
"Perez, H",541650,https://baseballsavant.mlb.com/player?player_id=541650&pos=3B&player_type=batter&season=2017&tab=zone_chart_tab#,3B
"Plawecki, K",608700,https://baseballsavant.mlb.com/player?player_id=608700&pos=C&player_type=batter&season=2017&tab=zone_chart_tab#,C
"Schebler, S",594988,https://baseballsavant.mlb.com/player?player_id=594988&pos=RF&player_type=batter&season=2017&tab=zone_chart_tab#,RF
"Severino, P",600474,https://baseballsavant.mlb.com/player?player_id=600474&pos=C&player_type=batter&season=2017&tab=zone_chart_tab#,C
"Suzuki, K",435559,https://baseballsavant.mlb.com/player?player_id=435559&pos=C&player_type=batter&season=2017&tab=zone_chart_tab#,C
"Valencia, D",502143,https://baseballsavant.mlb.com/player?player_id=502143&pos=1B&player_type=batter&season=2017&tab=zone_chart_tab#,1B
"Aguilar, J",542583,https://baseballsavant.mlb.com/player?player_id=542583&pos=1B&player_type=batter&season=2017&tab=zone_chart_tab#,1B
"Blanco, G",453923,https://baseballsavant.mlb.com/player?player_id=453923&pos=LF&player_type=batter&season=2017&tab=zone_chart_tab#,LF
"Bourjos, P",488721,https://baseballsavant.mlb.com/player?player_id=488721&pos=CF&player_type=batter&season=2017&tab=zone_chart_tab#,CF
"Brantley, M",488726,https://baseballsavant.mlb.com/player?player_id=488726&pos=LF&player_type=batter&season=2017&tab=zone_chart_tab#,LF
"Farmer, K",571657,https://baseballsavant.mlb.com/player?player_id=571657&pos=C&player_type=batter&season=2017&tab=zone_chart_tab#,C
"Flores, W",527038,https://baseballsavant.mlb.com/player?player_id=527038&pos=3B&player_type=batter&season=2017&tab=zone_chart_tab#,3B
"Maxwell, B",622194,https://baseballsavant.mlb.com/player?player_id=622194&pos=C&player_type=batter&season=2017&tab=zone_chart_tab#,C
"McMahon, R",641857,https://baseballsavant.mlb.com/player?player_id=641857&pos=1B&player_type=batter&season=2017&tab=zone_chart_tab#,1B
"Montero, M",471083,https://baseballsavant.mlb.com/player?player_id=471083&pos=C&player_type=batter&season=2017&tab=zone_chart_tab#,C
"Murphy, J",571974,https://baseballsavant.mlb.com/player?player_id=571974&pos=C&player_type=batter&season=2017&tab=zone_chart_tab#,C
"Sandoval, P",467055,https://baseballsavant.mlb.com/player?player_id=467055&pos=3B&player_type=batter&season=2017&tab=zone_chart_tab#,3B
"Adrianza, E",501303,https://baseballsavant.mlb.com/player?player_id=501303&pos=SS&player_type=batter&season=2017&tab=zone_chart_tab#,SS
"Culberson, C",518586,https://baseballsavant.mlb.com/player?player_id=518586&pos=SS&player_type=batter&season=2017&tab=zone_chart_tab#,SS
"Freese, D",501896,https://baseballsavant.mlb.com/player?player_id=501896&pos=3B&player_type=batter&season=2017&tab=zone_chart_tab#,3B
"Freitas, D",571679,https://baseballsavant.mlb.com/player?player_id=571679&pos=C&player_type=batter&season=2017&tab=zone_chart_tab#,C
"Grossman, R",543257,https://baseballsavant.mlb.com/player?player_id=543257&pos=LF&player_type=batter&season=2017&tab=zone_chart_tab#,LF
"Hundley, N",460026,https://baseballsavant.mlb.com/player?player_id=460026&pos=C&player_type=batter&season=2017&tab=zone_chart_tab#,C
"Mesoraco, D",519023,https://baseballsavant.mlb.com/player?player_id=519023&pos=C&player_type=batter&season=2017&tab=zone_chart_tab#,C
"Ngoepe, G",547912,https://baseballsavant.mlb.com/player?player_id=547912&pos=SS&player_type=batter&season=2017&tab=zone_chart_tab#,SS
"Refsnyder, R",608701,https://baseballsavant.mlb.com/player?player_id=608701&pos=OF&player_type=batter&season=2017&tab=zone_chart_tab#,OF
"Rivera, Y",592680,https://baseballsavant.mlb.com/player?player_id=592680&pos=3B&player_type=batter&season=2017&tab=zone_chart_tab#,3B
"Rodriguez, S",446481,https://baseballsavant.mlb.com/player?player_id=446481&pos=1B&player_type=batter&season=2017&tab=zone_chart_tab#,1B
"Telis, T",542513,https://baseballsavant.mlb.com/player?player_id=542513&pos=C&player_type=batter&season=2017&tab=zone_chart_tab#,C
"Wolters, T",547172,https://baseballsavant.mlb.com/player?player_id=547172&pos=C&player_type=batter&season=2017&tab=zone_chart_tab#,C
"Bandy, J",542908,https://baseballsavant.mlb.com/player?player_id=542908&pos=C&player_type=batter&season=2017&tab=zone_chart_tab#,C
"Conforto, M",624424,https://baseballsavant.mlb.com/player?player_id=624424&pos=LF&player_type=batter&season=2017&tab=zone_chart_tab#,LF
"Diaz, E",553869,https://baseballsavant.mlb.com/player?player_id=553869&pos=C&player_type=batter&season=2017&tab=zone_chart_tab#,C
"Ellis, A",454560,https://baseballsavant.mlb.com/player?player_id=454560&pos=C&player_type=batter&season=2017&tab=zone_chart_tab#,C
"Jones, J",592444,https://baseballsavant.mlb.com/player?player_id=592444&pos=CF&player_type=batter&season=2017&tab=zone_chart_tab#,CF
"Lee, B",657658,https://baseballsavant.mlb.com/player?player_id=657658&pos=CF&player_type=batter&season=2017&tab=zone_chart_tab#,CF
"Leon, S",506702,https://baseballsavant.mlb.com/player?player_id=506702&pos=C&player_type=batter&season=2017&tab=zone_chart_tab#,C
"Marrero, D",571918,https://baseballsavant.mlb.com/player?player_id=571918&pos=SS&player_type=batter&season=2017&tab=zone_chart_tab#,SS
"Perez, R",547379,https://baseballsavant.mlb.com/player?player_id=547379&pos=C&player_type=batter&season=2017&tab=zone_chart_tab#,C
"Peterson, J",607054,https://baseballsavant.mlb.com/player?player_id=607054&pos=2B&player_type=batter&season=2017&tab=zone_chart_tab#,2B
"Reyes, J",408314,https://baseballsavant.mlb.com/player?player_id=408314&pos=SS&player_type=batter&season=2017&tab=zone_chart_tab#,SS
"Sucre, J",491696,https://baseballsavant.mlb.com/player?player_id=491696&pos=C&player_type=batter&season=2017&tab=zone_chart_tab#,C
"Tocci, C",624636,https://baseballsavant.mlb.com/player?player_id=624636&pos=CF&player_type=batter&season=2017&tab=zone_chart_tab#,CF
"Tomlinson, K",605509,https://baseballsavant.mlb.com/player?player_id=605509&pos=2B&player_type=batter&season=2017&tab=zone_chart_tab#,2B
"Adams, L",572669,https://baseballsavant.mlb.com/player?player_id=572669&pos=LF&player_type=batter&season=2017&tab=zone_chart_tab#,LF
"Ervin, P",640447,https://baseballsavant.mlb.com/player?player_id=640447&pos=RF&player_type=batter&season=2017&tab=zone_chart_tab#,RF
"Garver, M",641598,https://baseballsavant.mlb.com/player?player_id=641598&pos=C&player_type=batter&season=2017&tab=zone_chart_tab#,C
"Goins, R",572365,https://baseballsavant.mlb.com/player?player_id=572365&pos=SS&player_type=batter&season=2017&tab=zone_chart_tab#,SS
"Hernandez, G",491676,https://baseballsavant.mlb.com/player?player_id=491676&pos=LF&player_type=batter&season=2017&tab=zone_chart_tab#,LF
"Mathis, J",425772,https://baseballsavant.mlb.com/player?player_id=425772&pos=C&player_type=batter&season=2017&tab=zone_chart_tab#,C
"Munoz, Y",622168,https://baseballsavant.mlb.com/player?player_id=622168&pos=SS&player_type=batter&season=2017&tab=zone_chart_tab#,SS
"Nimmo, B",607043,https://baseballsavant.mlb.com/player?player_id=607043&pos=CF&player_type=batter&season=2017&tab=zone_chart_tab#,CF
"Cooper, G",643265,https://baseballsavant.mlb.com/player?player_id=643265&pos=OF&player_type=batter&season=2017&tab=zone_chart_tab#,OF
"DeShields, D",592261,https://baseballsavant.mlb.com/player?player_id=592261&pos=LF&player_type=batter&season=2017&tab=zone_chart_tab#,LF
"Gosselin, P",594838,https://baseballsavant.mlb.com/player?player_id=594838&pos=2B&player_type=batter&season=2017&tab=zone_chart_tab#,2B
"Heredia, G",628338,https://baseballsavant.mlb.com/player?player_id=628338&pos=LF&player_type=batter&season=2017&tab=zone_chart_tab#,LF
"Holt, B",571788,https://baseballsavant.mlb.com/player?player_id=571788&pos=2B&player_type=batter&season=2017&tab=zone_chart_tab#,2B
"Kershaw, C",477132,https://baseballsavant.mlb.com/player?player_id=477132&pos=P&player_type=batter&season=2017&tab=zone_chart_tab#,P
"Narvaez, O",553882,https://baseballsavant.mlb.com/player?player_id=553882&pos=C&player_type=batter&season=2017&tab=zone_chart_tab#,C
"Perez, C",542208,https://baseballsavant.mlb.com/player?player_id=542208&pos=C&player_type=batter&season=2017&tab=zone_chart_tab#,C
"Szczur, M",519333,https://baseballsavant.mlb.com/player?player_id=519333&pos=LF&player_type=batter&season=2017&tab=zone_chart_tab#,LF
"Tauchman, M",643565,https://baseballsavant.mlb.com/player?player_id=643565&pos=CF&player_type=batter&season=2017&tab=zone_chart_tab#,CF
"Wieters, M",446308,https://baseballsavant.mlb.com/player?player_id=446308&pos=C&player_type=batter&season=2017&tab=zone_chart_tab#,C
"Cruz, N",443558,https://baseballsavant.mlb.com/player?player_id=443558&pos=DH&player_type=batter&season=2017&tab=zone_chart_tab#,DH
"Gallagher, C",595956,https://baseballsavant.mlb.com/player?player_id=595956&pos=C&player_type=batter&season=2017&tab=zone_chart_tab#,C
"Garcia, G",594824,https://baseballsavant.mlb.com/player?player_id=594824&pos=3B&player_type=batter&season=2017&tab=zone_chart_tab#,3B
"Gyorko, J",576397,https://baseballsavant.mlb.com/player?player_id=576397&pos=3B&player_type=batter&season=2017&tab=zone_chart_tab#,3B
"LaMarre, R",534606,https://baseballsavant.mlb.com/player?player_id=534606&pos=LF&player_type=batter&season=2017&tab=zone_chart_tab#,LF
"Martinez, C",593372,https://baseballsavant.mlb.com/player?player_id=593372&pos=P&player_type=batter&season=2017&tab=zone_chart_tab#,P
"Pennington, C",460060,https://baseballsavant.mlb.com/player?player_id=460060&pos=2B&player_type=batter&season=2017&tab=zone_chart_tab#,2B
"Roark, T",543699,https://baseballsavant.mlb.com/player?player_id=543699&pos=P&player_type=batter&season=2017&tab=zone_chart_tab#,P
"Gonzalez, G",461829,https://baseballsavant.mlb.com/player?player_id=461829&pos=P&player_type=batter&season=2017&tab=zone_chart_tab#,P
"Hicks, J",543308,https://baseballsavant.mlb.com/player?player_id=543308&pos=C&player_type=batter&season=2017&tab=zone_chart_tab#,C
"Lester, J",452657,https://baseballsavant.mlb.com/player?player_id=452657&pos=P&player_type=batter&season=2017&tab=zone_chart_tab#,P
"Pivetta, N",601713,https://baseballsavant.mlb.com/player?player_id=601713&pos=P&player_type=batter&season=2017&tab=zone_chart_tab#,P
"Saladino, T",573135,https://baseballsavant.mlb.com/player?player_id=573135&pos=2B&player_type=batter&season=2017&tab=zone_chart_tab#,2B
"Strasburg, S",544931,https://baseballsavant.mlb.com/player?player_id=544931&pos=P&player_type=batter&season=2017&tab=zone_chart_tab#,P
"Swihart, B",596119,https://baseballsavant.mlb.com/player?player_id=596119&pos=C&player_type=batter&season=2017&tab=zone_chart_tab#,C
"Taillon, J",592791,https://baseballsavant.mlb.com/player?player_id=592791&pos=P&player_type=batter&season=2017&tab=zone_chart_tab#,P
"Anderson, C",502624,https://baseballsavant.mlb.com/player?player_id=502624&pos=P&player_type=batter&season=2017&tab=zone_chart_tab#,P
"Bailey, H",456701,https://baseballsavant.mlb.com/player?player_id=456701&pos=P&player_type=batter&season=2017&tab=zone_chart_tab#,P
"Bettis, C",518452,https://baseballsavant.mlb.com/player?player_id=518452&pos=P&player_type=batter&season=2017&tab=zone_chart_tab#,P
"Blach, T",621389,https://baseballsavant.mlb.com/player?player_id=621389&pos=P&player_type=batter&season=2017&tab=zone_chart_tab#,P
"Corbin, P",571578,https://baseballsavant.mlb.com/player?player_id=571578&pos=P&player_type=batter&season=2017&tab=zone_chart_tab#,P
"Cueto, J",456501,https://baseballsavant.mlb.com/player?player_id=456501&pos=P&player_type=batter&season=2017&tab=zone_chart_tab#,P
"Davies, Z",605200,https://baseballsavant.mlb.com/player?player_id=605200&pos=P&player_type=batter&season=2017&tab=zone_chart_tab#,P
"Gray, J",592351,https://baseballsavant.mlb.com/player?player_id=592351&pos=P&player_type=batter&season=2017&tab=zone_chart_tab#,P
"Hendricks, K",543294,https://baseballsavant.mlb.com/player?player_id=543294&pos=P&player_type=batter&season=2017&tab=zone_chart_tab#,P
"Hicks, A",543305,https://baseballsavant.mlb.com/player?player_id=543305&pos=CF&player_type=batter&season=2017&tab=zone_chart_tab#,CF
"Kinsler, I",435079,https://baseballsavant.mlb.com/player?player_id=435079&pos=2B&player_type=batter&season=2017&tab=zone_chart_tab#,2B
"McCarthy, B",435221,https://baseballsavant.mlb.com/player?player_id=435221&pos=P&player_type=batter&season=2017&tab=zone_chart_tab#,P
"McKinney, B",641856,https://baseballsavant.mlb.com/player?player_id=641856&pos=RF&player_type=batter&season=2017&tab=zone_chart_tab#,RF
"Motter, T",600301,https://baseballsavant.mlb.com/player?player_id=600301&pos=SS&player_type=batter&season=2017&tab=zone_chart_tab#,SS
"Newcomb, S",656794,https://baseballsavant.mlb.com/player?player_id=656794&pos=P&player_type=batter&season=2017&tab=zone_chart_tab#,P
"Nola, A",605400,https://baseballsavant.mlb.com/player?player_id=605400&pos=P&player_type=batter&season=2017&tab=zone_chart_tab#,P
"Scherzer, M",453286,https://baseballsavant.mlb.com/player?player_id=453286&pos=P&player_type=batter&season=2017&tab=zone_chart_tab#,P
"Velasquez, V",592826,https://baseballsavant.mlb.com/player?player_id=592826&pos=P&player_type=batter&season=2017&tab=zone_chart_tab#,P
"Wacha, M",608379,https://baseballsavant.mlb.com/player?player_id=608379&pos=P&player_type=batter&season=2017&tab=zone_chart_tab#,P
"Walker, T",592836,https://baseballsavant.mlb.com/player?player_id=592836&pos=P&player_type=batter&season=2017&tab=zone_chart_tab#,P
"Weaver, L",596133,https://baseballsavant.mlb.com/player?player_id=596133&pos=P&player_type=batter&season=2017&tab=zone_chart_tab#,P
"Wood, A",622072,https://baseballsavant.mlb.com/player?player_id=622072&pos=P&player_type=batter&season=2017&tab=zone_chart_tab#,P
"Young, C",455759,https://baseballsavant.mlb.com/player?player_id=455759&pos=OF&player_type=batter&season=2017&tab=zone_chart_tab#,OF
"Anderson, T",542881,https://baseballsavant.mlb.com/player?player_id=542881&pos=P&player_type=batter&season=2017&tab=zone_chart_tab#,P
"Brault, S",643230,https://baseballsavant.mlb.com/player?player_id=643230&pos=P&player_type=batter&season=2017&tab=zone_chart_tab#,P
"Castillo, L",622491,https://baseballsavant.mlb.com/player?player_id=622491&pos=P&player_type=batter&season=2017&tab=zone_chart_tab#,P
"Darvish, Y",506433,https://baseballsavant.mlb.com/player?player_id=506433&pos=P&player_type=batter&season=2017&tab=zone_chart_tab#,P
"deGrom, J",594798,https://baseballsavant.mlb.com/player?player_id=594798&pos=P&player_type=batter&season=2017&tab=zone_chart_tab#,P
"Despaigne, O",628333,https://baseballsavant.mlb.com/player?player_id=628333&pos=P&player_type=batter&season=2017&tab=zone_chart_tab#,P
"Evans, P",595943,https://baseballsavant.mlb.com/player?player_id=595943&pos=3B&player_type=batter&season=2017&tab=zone_chart_tab#,3B
"Florimon, P",465753,https://baseballsavant.mlb.com/player?player_id=465753&pos=CF&player_type=batter&season=2017&tab=zone_chart_tab#,CF
"Foltynewicz, M",592314,https://baseballsavant.mlb.com/player?player_id=592314&pos=P&player_type=batter&season=2017&tab=zone_chart_tab#,P
"Freeland, K",607536,https://baseballsavant.mlb.com/player?player_id=607536&pos=P&player_type=batter&season=2017&tab=zone_chart_tab#,P
"Gonzalez, E",570481,https://baseballsavant.mlb.com/player?player_id=570481&pos=2B&player_type=batter&season=2017&tab=zone_chart_tab#,2B
"Harvey, M",518774,https://baseballsavant.mlb.com/player?player_id=518774&pos=P&player_type=batter&season=2017&tab=zone_chart_tab#,P
"Hill, R",448179,https://baseballsavant.mlb.com/player?player_id=448179&pos=P&player_type=batter&season=2017&tab=zone_chart_tab#,P
"Lucchesi, J",664192,https://baseballsavant.mlb.com/player?player_id=664192&pos=P&player_type=batter&season=2017&tab=zone_chart_tab#,P
"Marquez, G",608566,https://baseballsavant.mlb.com/player?player_id=608566&pos=P&player_type=batter&season=2017&tab=zone_chart_tab#,P
"Mikolas, M",571945,https://baseballsavant.mlb.com/player?player_id=571945&pos=P&player_type=batter&season=2017&tab=zone_chart_tab#,P
"Quintana, J",500779,https://baseballsavant.mlb.com/player?player_id=500779&pos=P&player_type=batter&season=2017&tab=zone_chart_tab#,P
"Ray, R",592662,https://baseballsavant.mlb.com/player?player_id=592662&pos=P&player_type=batter&season=2017&tab=zone_chart_tab#,P
"Reynolds, M",608703,https://baseballsavant.mlb.com/player?player_id=608703&pos=3B&player_type=batter&season=2017&tab=zone_chart_tab#,3B
"Richard, C",453385,https://baseballsavant.mlb.com/player?player_id=453385&pos=P&player_type=batter&season=2017&tab=zone_chart_tab#,P
"Richards, T",670950,https://baseballsavant.mlb.com/player?player_id=670950&pos=P&player_type=batter&season=2017&tab=zone_chart_tab#,P
"Romano, S",607219,https://baseballsavant.mlb.com/player?player_id=607219&pos=P&player_type=batter&season=2017&tab=zone_chart_tab#,P
"Ryu, H",547943,https://baseballsavant.mlb.com/player?player_id=547943&pos=P&player_type=batter&season=2017&tab=zone_chart_tab#,P
"Schimpf, R",572114,https://baseballsavant.mlb.com/player?player_id=572114&pos=3B&player_type=batter&season=2017&tab=zone_chart_tab#,3B
"Smith, C",592761,https://baseballsavant.mlb.com/player?player_id=592761&pos=P&player_type=batter&season=2017&tab=zone_chart_tab#,P
"Stratton, C",608717,https://baseballsavant.mlb.com/player?player_id=608717&pos=P&player_type=batter&season=2017&tab=zone_chart_tab#,P
"Suter, B",608718,https://baseballsavant.mlb.com/player?player_id=608718&pos=P&player_type=batter&season=2017&tab=zone_chart_tab#,P
"Syndergaard, N",592789,https://baseballsavant.mlb.com/player?player_id=592789&pos=P&player_type=batter&season=2017&tab=zone_chart_tab#,P
"Urena, J",570632,https://baseballsavant.mlb.com/player?player_id=570632&pos=P&player_type=batter&season=2017&tab=zone_chart_tab#,P
"Bader, H",664056,https://baseballsavant.mlb.com/player?player_id=664056&pos=CF&player_type=batter&season=2017&tab=zone_chart_tab#,CF
"Carle, S",641438,https://baseballsavant.mlb.com/player?player_id=641438&pos=P&player_type=batter&season=2017&tab=zone_chart_tab#,P
"Chacin, J",468504,https://baseballsavant.mlb.com/player?player_id=468504&pos=P&player_type=batter&season=2017&tab=zone_chart_tab#,P
"Chatwood, T",543022,https://baseballsavant.mlb.com/player?player_id=543022&pos=P&player_type=batter&season=2017&tab=zone_chart_tab#,P
"Cole, A",595918,https://baseballsavant.mlb.com/player?player_id=595918&pos=P&player_type=batter&season=2017&tab=zone_chart_tab#,P
"Flaherty, J",656427,https://baseballsavant.mlb.com/player?player_id=656427&pos=P&player_type=batter&season=2017&tab=zone_chart_tab#,P
"Fontana, N",545337,https://baseballsavant.mlb.com/player?player_id=545337&pos=SS&player_type=batter&season=2017&tab=zone_chart_tab#,SS
"Garcia, J",606424,https://baseballsavant.mlb.com/player?player_id=606424&pos=P&player_type=batter&season=2017&tab=zone_chart_tab#,P
"Godley, Z",643327,https://baseballsavant.mlb.com/player?player_id=643327&pos=P&player_type=batter&season=2017&tab=zone_chart_tab#,P
"Gonzales, M",594835,https://baseballsavant.mlb.com/player?player_id=594835&pos=P&player_type=batter&season=2017&tab=zone_chart_tab#,P
"Greinke, Z",425844,https://baseballsavant.mlb.com/player?player_id=425844&pos=P&player_type=batter&season=2017&tab=zone_chart_tab#,P
"Hernandez, F",433587,https://baseballsavant.mlb.com/player?player_id=433587&pos=P&player_type=batter&season=2017&tab=zone_chart_tab#,P
"Holland, D",502706,https://baseballsavant.mlb.com/player?player_id=502706&pos=P&player_type=batter&season=2017&tab=zone_chart_tab#,P
"Johnson, B",598271,https://baseballsavant.mlb.com/player?player_id=598271&pos=P&player_type=batter&season=2017&tab=zone_chart_tab#,P
"Lively, B",594902,https://baseballsavant.mlb.com/player?player_id=594902&pos=P&player_type=batter&season=2017&tab=zone_chart_tab#,P
"Maeda, K",628317,https://baseballsavant.mlb.com/player?player_id=628317&pos=P&player_type=batter&season=2017&tab=zone_chart_tab#,P
"Mahle, T",641816,https://baseballsavant.mlb.com/player?player_id=641816&pos=P&player_type=batter&season=2017&tab=zone_chart_tab#,P
"Matz, S",571927,https://baseballsavant.mlb.com/player?player_id=571927&pos=P&player_type=batter&season=2017&tab=zone_chart_tab#,P
"Mitchell, B",571951,https://baseballsavant.mlb.com/player?player_id=571951&pos=P&player_type=batter&season=2017&tab=zone_chart_tab#,P
"Nova, I",467100,https://baseballsavant.mlb.com/player?player_id=467100&pos=P&player_type=batter&season=2017&tab=zone_chart_tab#,P
"Odorizzi, J",543606,https://baseballsavant.mlb.com/player?player_id=543606&pos=P&player_type=batter&season=2017&tab=zone_chart_tab#,P
"Peters, D",596071,https://baseballsavant.mlb.com/player?player_id=596071&pos=P&player_type=batter&season=2017&tab=zone_chart_tab#,P
"Romine, A",461865,https://baseballsavant.mlb.com/player?player_id=461865&pos=SS&player_type=batter&season=2017&tab=zone_chart_tab#,SS
"Ross, T",475115,https://baseballsavant.mlb.com/player?player_id=475115&pos=P&player_type=batter&season=2017&tab=zone_chart_tab#,P
"Sale, C",519242,https://baseballsavant.mlb.com/player?player_id=519242&pos=P&player_type=batter&season=2017&tab=zone_chart_tab#,P
"Teheran, J",527054,https://baseballsavant.mlb.com/player?player_id=527054&pos=P&player_type=batter&season=2017&tab=zone_chart_tab#,P
"Williams, T",592866,https://baseballsavant.mlb.com/player?player_id=592866&pos=P&player_type=batter&season=2017&tab=zone_chart_tab#,P
"Arrieta, J",453562,https://baseballsavant.mlb.com/player?player_id=453562&pos=P&player_type=batter&season=2017&tab=zone_chart_tab#,P
"Butler, E",572750,https://baseballsavant.mlb.com/player?player_id=572750&pos=P&player_type=batter&season=2017&tab=zone_chart_tab#,P
"Chargois, J",608638,https://baseballsavant.mlb.com/player?player_id=608638&pos=P&player_type=batter&season=2017&tab=zone_chart_tab#,P
"Choi, J",596847,https://baseballsavant.mlb.com/player?player_id=596847&pos=1B&player_type=batter&season=2017&tab=zone_chart_tab#,1B
"Cishek, S",518553,https://baseballsavant.mlb.com/player?player_id=518553&pos=P&player_type=batter&season=2017&tab=zone_chart_tab#,P
"Erlin, R",572362,https://baseballsavant.mlb.com/player?player_id=572362&pos=P&player_type=batter&season=2017&tab=zone_chart_tab#,P
"Gsellman, R",607229,https://baseballsavant.mlb.com/player?player_id=607229&pos=P&player_type=batter&season=2017&tab=zone_chart_tab#,P
"Hader, J",623352,https://baseballsavant.mlb.com/player?player_id=623352&pos=P&player_type=batter&season=2017&tab=zone_chart_tab#,P
"Holmes, C",605280,https://baseballsavant.mlb.com/player?player_id=605280&pos=P&player_type=batter&season=2017&tab=zone_chart_tab#,P
"Kuhl, C",641771,https://baseballsavant.mlb.com/player?player_id=641771&pos=P&player_type=batter&season=2017&tab=zone_chart_tab#,P
"Lynn, L",458681,https://baseballsavant.mlb.com/player?player_id=458681&pos=P&player_type=batter&season=2017&tab=zone_chart_tab#,P
"Perdomo, L",606131,https://baseballsavant.mlb.com/player?player_id=606131&pos=P&player_type=batter&season=2017&tab=zone_chart_tab#,P
"Reyes, V",622682,https://baseballsavant.mlb.com/player?player_id=622682&pos=RF&player_type=batter&season=2017&tab=zone_chart_tab#,RF
"Salas, F",477569,https://baseballsavant.mlb.com/player?player_id=477569&pos=P&player_type=batter&season=2017&tab=zone_chart_tab#,P
"Sanchez, A",434671,https://baseballsavant.mlb.com/player?player_id=434671&pos=P&player_type=batter&season=2017&tab=zone_chart_tab#,P
"Senzatela, A",622608,https://baseballsavant.mlb.com/player?player_id=622608&pos=P&player_type=batter&season=2017&tab=zone_chart_tab#,P
"Thompson, J",622097,https://baseballsavant.mlb.com/player?player_id=622097&pos=P&player_type=batter&season=2017&tab=zone_chart_tab#,P
"Wainwright, A",425794,https://baseballsavant.mlb.com/player?player_id=425794&pos=P&player_type=batter&season=2017&tab=zone_chart_tab#,P
"Winkler, D",595465,https://baseballsavant.mlb.com/player?player_id=595465&pos=P&player_type=batter&season=2017&tab=zone_chart_tab#,P
"Albers, M",458006,https://baseballsavant.mlb.com/player?player_id=458006&pos=P&player_type=batter&season=2017&tab=zone_chart_tab#,P
"Alexander, S",518397,https://baseballsavant.mlb.com/player?player_id=518397&pos=P&player_type=batter&season=2017&tab=zone_chart_tab#,P
"Arano, V",644364,https://baseballsavant.mlb.com/player?player_id=644364&pos=P&player_type=batter&season=2017&tab=zone_chart_tab#,P
"Baez, P",520980,https://baseballsavant.mlb.com/player?player_id=520980&pos=P&player_type=batter&season=2017&tab=zone_chart_tab#,P
"Barnes, J",606930,https://baseballsavant.mlb.com/player?player_id=606930&pos=P&player_type=batter&season=2017&tab=zone_chart_tab#,P
"Barnes, M",598264,https://baseballsavant.mlb.com/player?player_id=598264&pos=P&player_type=batter&season=2017&tab=zone_chart_tab#,P
"Barraclough, K",607457,https://baseballsavant.mlb.com/player?player_id=607457&pos=P&player_type=batter&season=2017&tab=zone_chart_tab#,P
"Blevins, J",460283,https://baseballsavant.mlb.com/player?player_id=460283&pos=P&player_type=batter&season=2017&tab=zone_chart_tab#,P
"Bowman, M",621199,https://baseballsavant.mlb.com/player?player_id=621199&pos=P&player_type=batter&season=2017&tab=zone_chart_tab#,P
"Boxberger, B",502202,https://baseballsavant.mlb.com/player?player_id=502202&pos=P&player_type=batter&season=2017&tab=zone_chart_tab#,P
"Bradley, A",605151,https://baseballsavant.mlb.com/player?player_id=605151&pos=P&player_type=batter&season=2017&tab=zone_chart_tab#,P
"Brebbia, J",605154,https://baseballsavant.mlb.com/player?player_id=605154&pos=P&player_type=batter&season=2017&tab=zone_chart_tab#,P
"Brice, A",592169,https://baseballsavant.mlb.com/player?player_id=592169&pos=P&player_type=batter&season=2017&tab=zone_chart_tab#,P
"Brothers, R",571521,https://baseballsavant.mlb.com/player?player_id=571521&pos=P&player_type=batter&season=2017&tab=zone_chart_tab#,P
"Cecil, B",446399,https://baseballsavant.mlb.com/player?player_id=446399&pos=P&player_type=batter&season=2017&tab=zone_chart_tab#,P
"Chafin, A",605177,https://baseballsavant.mlb.com/player?player_id=605177&pos=P&player_type=batter&season=2017&tab=zone_chart_tab#,P
"Cimber, A",643256,https://baseballsavant.mlb.com/player?player_id=643256&pos=P&player_type=batter&season=2017&tab=zone_chart_tab#,P
"Cingrani, T",571561,https://baseballsavant.mlb.com/player?player_id=571561&pos=P&player_type=batter&season=2017&tab=zone_chart_tab#,P
"Davis, W",451584,https://baseballsavant.mlb.com/player?player_id=451584&pos=P&player_type=batter&season=2017&tab=zone_chart_tab#,P
"De La Rosa, J",407822,https://baseballsavant.mlb.com/player?player_id=407822&pos=P&player_type=batter&season=2017&tab=zone_chart_tab#,P
"Diaz, E",621242,https://baseballsavant.mlb.com/player?player_id=621242&pos=P&player_type=batter&season=2017&tab=zone_chart_tab#,P
"Doolittle, S",448281,https://baseballsavant.mlb.com/player?player_id=448281&pos=P&player_type=batter&season=2017&tab=zone_chart_tab#,P
"Drake, O",543118,https://baseballsavant.mlb.com/player?player_id=543118&pos=P&player_type=batter&season=2017&tab=zone_chart_tab#,P
"Duensing, B",488846,https://baseballsavant.mlb.com/player?player_id=488846&pos=P&player_type=batter&season=2017&tab=zone_chart_tab#,P
"Duke, Z",435043,https://baseballsavant.mlb.com/player?player_id=435043&pos=P&player_type=batter&season=2017&tab=zone_chart_tab#,P
"Dunn, M",445197,https://baseballsavant.mlb.com/player?player_id=445197&pos=P&player_type=batter&season=2017&tab=zone_chart_tab#,P
"Dyson, S",473879,https://baseballsavant.mlb.com/player?player_id=473879&pos=P&player_type=batter&season=2017&tab=zone_chart_tab#,P
"Edwards Jr., C",605218,https://baseballsavant.mlb.com/player?player_id=605218&pos=P&player_type=batter&season=2017&tab=zone_chart_tab#,P
"Familia, J",544727,https://baseballsavant.mlb.com/player?player_id=544727&pos=P&player_type=batter&season=2017&tab=zone_chart_tab#,P
"Farmer, B",571656,https://baseballsavant.mlb.com/player?player_id=571656&pos=P&player_type=batter&season=2017&tab=zone_chart_tab#,P
"Feliz, M",593140,https://baseballsavant.mlb.com/player?player_id=593140&pos=P&player_type=batter&season=2017&tab=zone_chart_tab#,P
"Fields, J",451661,https://baseballsavant.mlb.com/player?player_id=451661&pos=P&player_type=batter&season=2017&tab=zone_chart_tab#,P
"Flowers, T",452095,https://baseballsavant.mlb.com/player?player_id=452095&pos=C&player_type=batter&season=2017&tab=zone_chart_tab#,C
"Font, W",521655,https://baseballsavant.mlb.com/player?player_id=521655&pos=P&player_type=batter&season=2017&tab=zone_chart_tab#,P
"Freeman, S",518693,https://baseballsavant.mlb.com/player?player_id=518693&pos=P&player_type=batter&season=2017&tab=zone_chart_tab#,P
"Gallardo, Y",451596,https://baseballsavant.mlb.com/player?player_id=451596&pos=P&player_type=batter&season=2017&tab=zone_chart_tab#,P
"Garcia, L",472610,https://baseballsavant.mlb.com/player?player_id=472610&pos=P&player_type=batter&season=2017&tab=zone_chart_tab#,P
"Garrett, A",607237,https://baseballsavant.mlb.com/player?player_id=607237&pos=P&player_type=batter&season=2017&tab=zone_chart_tab#,P
"Gearrin, C",518715,https://baseballsavant.mlb.com/player?player_id=518715&pos=P&player_type=batter&season=2017&tab=zone_chart_tab#,P
"Glasnow, T",607192,https://baseballsavant.mlb.com/player?player_id=607192&pos=P&player_type=batter&season=2017&tab=zone_chart_tab#,P
"Gomez, R",596816,https://baseballsavant.mlb.com/player?player_id=596816&pos=P&player_type=batter&season=2017&tab=zone_chart_tab#,P
"Gott, T",641627,https://baseballsavant.mlb.com/player?player_id=641627&pos=P&player_type=batter&season=2017&tab=zone_chart_tab#,P
"Grace, M",594840,https://baseballsavant.mlb.com/player?player_id=594840&pos=P&player_type=batter&season=2017&tab=zone_chart_tab#,P
"Guerrero, T",594027,https://baseballsavant.mlb.com/player?player_id=594027&pos=P&player_type=batter&season=2017&tab=zone_chart_tab#,P
"Hand, B",543272,https://baseballsavant.mlb.com/player?player_id=543272&pos=P&player_type=batter&season=2017&tab=zone_chart_tab#,P
"Hembree, H",592390,https://baseballsavant.mlb.com/player?player_id=592390&pos=P&player_type=batter&season=2017&tab=zone_chart_tab#,P
"Hicks, J",663855,https://baseballsavant.mlb.com/player?player_id=663855&pos=P&player_type=batter&season=2017&tab=zone_chart_tab#,P
"Hildenberger, T",657610,https://baseballsavant.mlb.com/player?player_id=657610&pos=P&player_type=batter&season=2017&tab=zone_chart_tab#,P
"Hirano, Y",673633,https://baseballsavant.mlb.com/player?player_id=673633&pos=P&player_type=batter&season=2017&tab=zone_chart_tab#,P
"Hoover, J",543331,https://baseballsavant.mlb.com/player?player_id=543331&pos=P&player_type=batter&season=2017&tab=zone_chart_tab#,P
"Houser, A",605288,https://baseballsavant.mlb.com/player?player_id=605288&pos=P&player_type=batter&season=2017&tab=zone_chart_tab#,P
"Hughes, J",453172,https://baseballsavant.mlb.com/player?player_id=453172&pos=P&player_type=batter&season=2017&tab=zone_chart_tab#,P
"Hutchison, D",571800,https://baseballsavant.mlb.com/player?player_id=571800&pos=P&player_type=batter&season=2017&tab=zone_chart_tab#,P
"Iglesias, R",628452,https://baseballsavant.mlb.com/player?player_id=628452&pos=P&player_type=batter&season=2017&tab=zone_chart_tab#,P
"Jansen, K",445276,https://baseballsavant.mlb.com/player?player_id=445276&pos=P&player_type=batter&season=2017&tab=zone_chart_tab#,P
"Jeffress, J",502026,https://baseballsavant.mlb.com/player?player_id=502026&pos=P&player_type=batter&season=2017&tab=zone_chart_tab#,P
"Jennings, D",543359,https://baseballsavant.mlb.com/player?player_id=543359&pos=P&player_type=batter&season=2017&tab=zone_chart_tab#,P
"Johnson, P",572955,https://baseballsavant.mlb.com/player?player_id=572955&pos=P&player_type=batter&season=2017&tab=zone_chart_tab#,P
"Kelley, S",518875,https://baseballsavant.mlb.com/player?player_id=518875&pos=P&player_type=batter&season=2017&tab=zone_chart_tab#,P
"Kelly, J",523260,https://baseballsavant.mlb.com/player?player_id=523260&pos=P&player_type=batter&season=2017&tab=zone_chart_tab#,P
"Kimbrel, C",518886,https://baseballsavant.mlb.com/player?player_id=518886&pos=P&player_type=batter&season=2017&tab=zone_chart_tab#,P
"Kintzler, B",445213,https://baseballsavant.mlb.com/player?player_id=445213&pos=P&player_type=batter&season=2017&tab=zone_chart_tab#,P
"Knebel, C",608349,https://baseballsavant.mlb.com/player?player_id=608349&pos=P&player_type=batter&season=2017&tab=zone_chart_tab#,P
"Koch, M",571863,https://baseballsavant.mlb.com/player?player_id=571863&pos=P&player_type=batter&season=2017&tab=zone_chart_tab#,P
"Kontos, G",502004,https://baseballsavant.mlb.com/player?player_id=502004&pos=P&player_type=batter&season=2017&tab=zone_chart_tab#,P
"LeBlanc, W",453281,https://baseballsavant.mlb.com/player?player_id=453281&pos=P&player_type=batter&season=2017&tab=zone_chart_tab#,P
"Leone, D",608678,https://baseballsavant.mlb.com/player?player_id=608678&pos=P&player_type=batter&season=2017&tab=zone_chart_tab#,P
"Lopez, R",607257,https://baseballsavant.mlb.com/player?player_id=607257&pos=C&player_type=batter&season=2017&tab=zone_chart_tab#,C
"Lugo, S",607625,https://baseballsavant.mlb.com/player?player_id=607625&pos=P&player_type=batter&season=2017&tab=zone_chart_tab#,P
"Lyles, J",543475,https://baseballsavant.mlb.com/player?player_id=543475&pos=P&player_type=batter&season=2017&tab=zone_chart_tab#,P
